,TweetId,Time,User,Tweet,User_name,Description,Author
0,1566733253796511744,2022-09-05 10:21:30+00:00,KTRTRS,"I am aware that some of friends in Hyderabad will not like what I said üëÜ

Because in the past, we were taunted by some Bengaluru leaders in similar situations

But if we have to grow as a nation, we need to learn from each others‚Äô experiences &amp; show the might of collective will",KTRTRS,"Personal account of Working President of TRS | Minister for Municipal Admin & Urban Dev, Industry & Commerce, ITE&C | MLA from Siricilla, Telangana",KTR
1,1566733135987064834,2022-09-05 10:21:02+00:00,ndtvfeed,"Nitish Kumar Meets Lalu Yadav, Will Meet Rahul Gandhi Later Today https://t.co/J1MvfkOYhq https://t.co/VmcLccbKDx",ndtvfeed,Latest stories from NDTV Newsroom,NDTV News feed
2,1566732982823829504,2022-09-05 10:20:26+00:00,aimim_national,‡§Ö‡§≤‡•ç‡§≤‡§æ‡§π (swt) ‡§ï‡§Æ‡§æ‡§≤ ‡§∏‡§æ‡§π‡§¨ ‡§ï‡•Ä ‡§Æ‡§ó‡§´‡§ø‡§∞‡§§ ‡§´‡§∞‡§Æ‡§æ‡§è ‡§î‡§∞ ‡§â‡§®‡§ï‡•á ‡§™‡§∏‡§Æ‡§æ‡§®‡§¶‡§ó‡§æ‡§® ‡§ï‡•ã ‡§∏‡§¨‡•ç‡§∞-‡§è-‡§ú‡§Æ‡•Ä‡§≤ ‡§Ö‡§§‡§æ ‡§´‡§∞‡§Æ‡§æ‡§è‡•§ (2/2),aimim_national,Official twitter account of All India Majlis-e-Ittehadul Muslimeen.,AIMIM
3,1566732980722487297,2022-09-05 10:20:25+00:00,aimim_national,AIMIM ‡§™‡§æ‡§∞‡•ç‡§ü‡•Ä ‡§ï‡•á ‡§™‡•Ç‡§∞‡•ç‡§µ‡§æ‡§Ç‡§ö‡§≤ ‡§™‡•ç‡§∞‡§¶‡•á‡§∂ ‡§Ö‡§ß‡•ç‡§Ø‡§ï‡•ç‡§∑ ‡§á‡§∞‡§´‡§æ‡§® ‡§Æ‡§≤‡§ø‡§ï ‡§ï‡•á ‡§µ‡§æ‡§≤‡§ø‡§¶ ‡§ï‡§Æ‡§æ‡§≤ ‡§Ø‡•Ç‡§∏‡•Å‡§´ ‡§Æ‡§≤‡§ø‡§ï (‡§™‡•Ç‡§∞‡•ç‡§µ ‡§Æ‡§Ç‡§§‡•ç‡§∞‡•Ä ‡§î‡§∞ 5 ‡§¨‡§æ‡§∞ ‡§ï‡•á ‡§µ‡§ø‡§ß‡§æ‡§Ø‡§ï) ‡§ï‡•á ‡§á‡§Ç‡§§‡§ï‡§æ‡§≤ ‡§ï‡•Ä ‡§ñ‡§º‡§¨‡§∞ ‡§∏‡•Å‡§®‡§ï‡§∞ ‡§π‡§Æ‡•á‡§Ç ‡§¨‡•á‡§π‡§¶ ‡§¶‡•Å‡§É‡§ñ ‡§π‡•Å‡§Ü‡•§ ‡§á‡§∞‡§´‡§æ‡§® ‡§Æ‡§≤‡§ø‡§ï ‡§î‡§∞ ‡§â‡§®‡§ï‡•á ‡§§‡§Æ‡§æ‡§Æ ‡§™‡§∞‡§ø‡§µ‡§æ‡§∞ ‡§µ‡§æ‡§≤‡•ã‡§Ç ‡§ï‡•ã Aimim- All India Majlis-E-Ittehadul Muslimeen ‡§á‡§ú‡§º‡§π‡§æ‡§∞-‡§è-‡§§‡§æ‡§ú‡§º‡§ø‡§Ø‡§§ ‡§™‡•á‡§∂ ‡§ï‡§∞‡§§‡•Ä ‡§π‡•à‡•§ (1/2) https://t.co/UY3AAOV8jS,aimim_national,Official twitter account of All India Majlis-e-Ittehadul Muslimeen.,AIMIM
4,1566732498390089728,2022-09-05 10:18:30+00:00,AAPUttarPradesh,"‡§Ü‡§ú ‡§∂‡§ø‡§ï‡•ç‡§∑‡§ï ‡§¶‡§ø‡§µ‡§∏ ‡§∏‡•á ‡§Ö‡§ó‡§≤‡•á 7 ‡§¶‡§ø‡§®‡•ã‡§Ç ‡§§‡§ï ‡§≤‡§ó‡§æ‡§§‡§æ‡§∞ #SelfieWithSarkariSchool ‡§Ö‡§≠‡§ø‡§Ø‡§æ‡§® ‡§ú‡§æ‡§∞‡•Ä ‡§∞‡§π‡•á‡§ó‡§æ‡•§

‡§á‡§∏ ‡§Ö‡§≠‡§ø‡§Ø‡§æ‡§® ‡§Æ‡•á‡§Ç ‡§π‡§Æ ‡§Ø‡•Ç‡§™‡•Ä ‡§ï‡•Ä ‡§ú‡§®‡§§‡§æ ‡§∏‡•á ‡§Ö‡§™‡•Ä‡§≤ ‡§ï‡§∞ ‡§∞‡§π‡•á ‡§π‡•à‡§Ç ‡§ï‡§ø 8382928009 ‡§®‡§Ç. ‡§™‡§∞ ‡§µ‡•Ä‡§°‡§ø‡§Ø‡•ã, ‡§´‡§º‡•ã‡§ü‡•ã, ‡§¨‡§ö‡•ç‡§ö‡•ã‡§Ç ‡§ï‡•á ‡§¨‡§Ø‡§æ‡§®, ‡§∂‡§ø‡§ï‡•ç‡§∑‡§ï ‡§ï‡•á ‡§¨‡§Ø‡§æ‡§®, ‡§Ö‡§≠‡§ø‡§≠‡§æ‡§µ‡§ï‡•ã‡§Ç ‡§ï‡•á ‡§¨‡§Ø‡§æ‡§® ‡§π‡§Æ‡•á‡§Ç ‡§≠‡•á‡§ú‡§ø‡§è‡•§

: @SanjayAzadSln https://t.co/AIunctftY8",AAPUttarPradesh,‡§è‡§ï ‡§Æ‡•å‡§ï‡§º‡§æ ‡§ï‡•á‡§ú‡§∞‡•Ä‡§µ‡§æ‡§≤ ‡§ï‡•ã ‚úåÔ∏è,Aam Aadmi Party- Uttar Pradesh
5,1566732389329813504,2022-09-05 10:18:04+00:00,AAPUttarPradesh,"‡§Æ‡§π‡§æ‡§∞‡§æ‡§ú‡§ó‡§Ç‡§ú ‡§ï‡•á BSA ‡§®‡•á ‡§è‡§ï ‡§®‡§ø‡§∞‡•ç‡§¶‡•á‡§∂ ‡§ú‡§æ‡§∞‡•Ä ‡§ï‡§ø‡§Ø‡§æ ‡§ï‡§ø ‡§ï‡•ã‡§à ‡§≠‡•Ä ‡§Æ‡•Ä‡§°‡§ø‡§Ø‡§æ‡§ï‡§∞‡•ç‡§Æ‡•Ä ‡§µ‡§ø‡§¶‡•ç‡§Ø‡§æ‡§≤‡§Ø ‡§Æ‡•á‡§Ç ‡§™‡•ç‡§∞‡§µ‡•á‡§∂ ‡§®‡§π‡•Ä‡§Ç ‡§ï‡§∞ ‡§∏‡§ï‡§§‡§æ, ‡§´‡•ã‡§ü‡•ã ‡§®‡§π‡•Ä‡§Ç ‡§≤‡•á ‡§∏‡§ï‡§§‡§æ, ‡§¨‡§ö‡•ç‡§ö‡•ã‡§Ç ‡§ï‡•á ‡§µ‡•Ä‡§°‡§ø‡§Ø‡•ã ‡§®‡§π‡•Ä‡§Ç ‡§¨‡§®‡§æ ‡§∏‡§ï‡§§‡§æ‡•§

‡§ú‡§ø‡§∏ ‡§ú‡§®‡§§‡§æ ‡§ï‡•á ‡§ü‡•à‡§ï‡•ç‡§∏ ‡§ï‡•á ‡§™‡•à‡§∏‡•á ‡§∏‡•á ‡§∏‡•ç‡§ï‡•Ç‡§≤-‡§Ö‡§∏‡•ç‡§™‡§§‡§æ‡§≤ ‡§¨‡§®‡•á ‡§â‡§∏‡•á ‡§ú‡§®‡§§‡§æ ‡§¶‡•á‡§ñ ‡§≠‡•Ä ‡§®‡§π‡•Ä‡§Ç ‡§∏‡§ï‡§§‡•Ä‡•§

‡§ï‡•ç‡§Ø‡§æ ‡§Ø‡•Ç‡§™‡•Ä ‡§Æ‡•á‡§Ç ‡§π‡§ø‡§ü‡§≤‡§∞ ‡§ï‡§æ ‡§∂‡§æ‡§∏‡§® ‡§ö‡§≤ ‡§∞‡§π‡§æ ‡§π‡•à?

: @SanjayAzadSln https://t.co/HlNxhhub83",AAPUttarPradesh,‡§è‡§ï ‡§Æ‡•å‡§ï‡§º‡§æ ‡§ï‡•á‡§ú‡§∞‡•Ä‡§µ‡§æ‡§≤ ‡§ï‡•ã ‚úåÔ∏è,Aam Aadmi Party- Uttar Pradesh
6,1566731695851995137,2022-09-05 10:15:19+00:00,AAPUttarPradesh,"‡§Æ‡•à‡§Ç ‡§Æ‡•Ä‡§°‡§ø‡§Ø‡§æ ‡§ï‡•á ‡§≤‡•ã‡§ó‡•ã‡§Ç ‡§∏‡•á ‡§≠‡•Ä ‡§π‡§æ‡§• ‡§ú‡•ã‡§°‡§º ‡§ï‡§∞ ‡§Ö‡§™‡•Ä‡§≤ ‡§ï‡§∞‡§§‡§æ ‡§π‡•Ç‡§Ç ‡§ï‡§ø ‡§á‡§∏ ‡§Ö‡§≠‡§ø‡§Ø‡§æ‡§® ‡§ï‡§æ ‡§π‡§ø‡§∏‡•ç‡§∏‡§æ ‡§¨‡§®‡§ø‡§è‡•§

‡§Ø‡§π ‡§ï‡•ã‡§à ‡§™‡§æ‡§∞‡•ç‡§ü‡•Ä ‡§ï‡§æ ‡§∏‡§µ‡§æ‡§≤ ‡§®‡§π‡•Ä‡§Ç ‡§π‡•à ‡§¨‡§≤‡•ç‡§ï‡§ø ‡§Ø‡§π ‡§π‡§Æ‡§æ‡§∞‡•á ‡§Ü‡§™‡§ï‡•á ‡§¨‡§ö‡•ç‡§ö‡•ã‡§Ç ‡§ï‡•á ‡§≠‡§µ‡§ø‡§∑‡•ç‡§Ø ‡§ï‡§æ ‡§∏‡§µ‡§æ‡§≤ ‡§π‡•à ‡§â‡§§‡•ç‡§§‡§∞ ‡§™‡•ç‡§∞‡§¶‡•á‡§∂ ‡§ï‡•á ‡§≠‡§µ‡§ø‡§∑‡•ç‡§Ø ‡§ï‡§æ ‡§∏‡§µ‡§æ‡§≤ ‡§π‡•à, ‡§á‡§∏ ‡§∏‡§ö‡•ç‡§ö‡§æ‡§à ‡§ï‡•ã ‡§∏‡§∞‡§ï‡§æ‡§∞ ‡§ï‡•á ‡§∏‡§æ‡§Æ‡§®‡•á ‡§∞‡§ñ‡§ø‡§è‡•§

: @SanjayAzadSln https://t.co/pt1B8NDKt4",AAPUttarPradesh,‡§è‡§ï ‡§Æ‡•å‡§ï‡§º‡§æ ‡§ï‡•á‡§ú‡§∞‡•Ä‡§µ‡§æ‡§≤ ‡§ï‡•ã ‚úåÔ∏è,Aam Aadmi Party- Uttar Pradesh
7,1566731665220591617,2022-09-05 10:15:12+00:00,ndtv,RT @NDTVProfit: Amazon Eyes Entering Japan Prescription Drug Market: Report https://t.co/G1d1iZ4hOm https://t.co/eRhSpyvaCP,ndtv,"Breaking news alerts from India.

Instagram: https://t.co/QrV2OUiLWo
YouTube: https://t.co/INzHBLXmft",NDTV
8,1566731657297612801,2022-09-05 10:15:10+00:00,KTRTRS,"We need bold reforms in urban planning &amp; governance. Get away from conservative mindset &amp; thing radical

Clean Roads, Clean Water, Clean Air &amp; Better Storm water management systems are not hard to build

We need capital infusion:urge @HardeepSPuri Ji to plan this &amp; happy to help",KTRTRS,"Personal account of Working President of TRS | Minister for Municipal Admin & Urban Dev, Industry & Commerce, ITE&C | MLA from Siricilla, Telangana",KTR
9,1566731652654456832,2022-09-05 10:15:09+00:00,thewire_in,'AMU founder Sir Syed's vision of Islam stands in stark contrast to the political agenda of Islamist thinkers. Why is there is so little space for his thought in the university he founded?' | @IbnKhaldunIndic https://t.co/xBE07w0jDa,thewire_in,"India's foremost independent news-site, carrying critical opinion, investigations and reportage. 

Click here to support us: https://t.co/zqZwu8jH0P",The Wire
10,1566731640826724352,2022-09-05 10:15:06+00:00,ndtv,"RT @NDTVProfit: Nifty, Sensex Gain, Defying European Energy Crisis-Led Stocks Sell-Off https://t.co/rnrSVDRpfy https://t.co/WoqgFPFu32",ndtv,"Breaking news alerts from India.

Instagram: https://t.co/QrV2OUiLWo
YouTube: https://t.co/INzHBLXmft",NDTV
11,1566731581087424512,2022-09-05 10:14:52+00:00,AAPUttarPradesh,"‡§Ü‡§¶‡§ø‡§§‡•ç‡§Ø‡§®‡§æ‡§• ‡§ú‡•Ä, ‡§Ö‡§™‡§®‡•á ‡§Ö‡§ß‡§ø‡§ï‡§æ‡§∞‡§ø‡§Ø‡•ã‡§Ç ‡§ï‡•ã ‡§≠‡•á‡§ú‡§ø‡§è ‡§î‡§∞ ‡§ú‡•ã ‡§¨‡§ú‡§ü ‡§Ü‡§™‡§ï‡•á ‡§™‡§æ‡§∏ ‡§Ö‡§®‡§æ‡§¨-‡§∂‡§®‡§æ‡§¨ ‡§ñ‡§∞‡•ç‡§ö ‡§ï‡§∞‡§®‡•á ‡§ï‡•á ‡§≤‡§ø‡§è ‡§π‡•à, ‡§â‡§® ‡§™‡•à‡§∏‡•ã‡§Ç ‡§ï‡§æ ‡§á‡§∏‡•ç‡§§‡•á‡§Æ‡§æ‡§≤ ‡§¨‡§ö‡•ç‡§ö‡•ã‡§Ç ‡§ï‡•á ‡§≤‡§ø‡§è ‡§Ö‡§ö‡•ç‡§õ‡•á ‡§∏‡•ç‡§ï‡•Ç‡§≤ ‡§¨‡§®‡§µ‡§æ‡§®‡•á ‡§Æ‡•á‡§Ç ‡§ï‡•Ä‡§ú‡§ø‡§è‡•§

: @SanjayAzadSln https://t.co/kZJDZacaF1",AAPUttarPradesh,‡§è‡§ï ‡§Æ‡•å‡§ï‡§º‡§æ ‡§ï‡•á‡§ú‡§∞‡•Ä‡§µ‡§æ‡§≤ ‡§ï‡•ã ‚úåÔ∏è,Aam Aadmi Party- Uttar Pradesh
12,1566731454734036993,2022-09-05 10:14:21+00:00,AAPUttarPradesh,"‡§π‡§Æ ‡§â‡§§‡•ç‡§§‡§∞ ‡§™‡•ç‡§∞‡§¶‡•á‡§∂ ‡§ï‡•Ä ‡§≠‡§æ‡§ú‡§™‡§æ ‡§∏‡§∞‡§ï‡§æ‡§∞ ‡§ï‡§æ ‡§∏‡§ö ‡§ú‡§®‡§§‡§æ ‡§ï‡•á ‡§∏‡§æ‡§Æ‡§®‡•á ‡§è‡§ï ‡§®‡§π‡•Ä‡§Ç ‡§¨‡§≤‡•ç‡§ï‡§ø ‡§è‡§ï ‡§π‡§ú‡§æ‡§∞ ‡§¨‡§æ‡§∞ ‡§â‡§ú‡§æ‡§ó‡§∞ ‡§ï‡§∞‡•á‡§Ç‡§ó‡•á‡•§

‡§Ü‡§ú ‡§π‡§Æ ‡§á‡§∏‡§ï‡•Ä ‡§∂‡•Å‡§∞‡•Å‡§Ü‡§§ ‡§ï‡§∞ ‡§∞‡§π‡•á ‡§π‡•à‡§Ç ‡§î‡§∞ ‡§â‡§Æ‡•ç‡§Æ‡•Ä‡§¶ ‡§ï‡§∞‡§§‡•á ‡§π‡•à‡§Ç ‡§ï‡§ø ‡§Ü‡§¶‡§ø‡§§‡•ç‡§Ø‡§®‡§æ‡§• ‡§ú‡•Ä ‡§á‡§∏‡§ï‡§æ ‡§∏‡§Ç‡§ú‡•ç‡§û‡§æ‡§® ‡§≤‡•á‡§Ç‡§ó‡•á ‡§î‡§∞ ‡§á‡§® ‡§µ‡§ø‡§¶‡•ç‡§Ø‡§æ‡§≤‡§Ø‡•ã‡§Ç ‡§ï‡§æ ‡§Æ‡•Å‡§Ü‡§Ø‡§®‡§æ ‡§ï‡§∞‡§®‡•á ‡§∏‡•ç‡§µ‡§Ø‡§Ç ‡§ú‡§æ‡§è‡§Ç‡§ó‡•á‡•§

: @SanjayAzadSln https://t.co/YtoL2v0J4N",AAPUttarPradesh,‡§è‡§ï ‡§Æ‡•å‡§ï‡§º‡§æ ‡§ï‡•á‡§ú‡§∞‡•Ä‡§µ‡§æ‡§≤ ‡§ï‡•ã ‚úåÔ∏è,Aam Aadmi Party- Uttar Pradesh
13,1566731248927739908,2022-09-05 10:13:32+00:00,AAPUttarPradesh,"‡§ï‡§®‡•ç‡§®‡•å‡§ú ‡§∏‡•á ‡§ö‡•å‡§Ç‡§ï‡§æ‡§®‡•á ‡§µ‡§æ‡§≤‡§æ ‡§Æ‡§æ‡§Æ‡§≤‡§æ ‡§∏‡§æ‡§Æ‡§®‡•á ‡§Ü‡§Ø‡§æ ‡§ú‡§π‡§æ‡§Ç ‡§¨‡§ö‡•ç‡§ö‡•ã‡§Ç ‡§®‡•á ‡§Æ‡§ø‡§° ‡§°‡•á ‡§Æ‡•Ä‡§≤ ‡§ï‡•Ä ‡§∂‡§ø‡§ï‡§æ‡§Ø‡§§ ‡§ï‡•Ä ‡§§‡•ã ‡§™‡•Ä‡§ü-‡§™‡•Ä‡§ü‡§ï‡§∞ ‡§â‡§®‡§ï‡•Ä ‡§™‡•Ä‡§† ‡§≤‡§æ‡§≤ ‡§ï‡§∞ ‡§¶‡•Ä ‡§ó‡§à‡•§

‡§≤‡•á‡§ï‡§ø‡§® ‡§π‡§Æ ‡§á‡§® ‡§ß‡§Æ‡§ï‡§ø‡§Ø‡•ã‡§Ç ‡§∏‡•á, ‡§á‡§® ‡§ï‡§æ‡§∞‡•ç‡§Ø‡§µ‡§æ‡§π‡§ø‡§Ø‡•ã‡§Ç ‡§∏‡•á ‡§∞‡•Å‡§ï‡•á‡§Ç‡§ó‡•á ‡§®‡§π‡•Ä‡§Ç‡•§ ‡§î‡§∞

: @SanjayAzadSln https://t.co/woS0fEESb4",AAPUttarPradesh,‡§è‡§ï ‡§Æ‡•å‡§ï‡§º‡§æ ‡§ï‡•á‡§ú‡§∞‡•Ä‡§µ‡§æ‡§≤ ‡§ï‡•ã ‚úåÔ∏è,Aam Aadmi Party- Uttar Pradesh
14,1566731207609831424,2022-09-05 10:13:23+00:00,trspartyonline,RT @TelanganaCMO: Live: CM Sri KCR inaugurating Nizamabad District Integrated Offices' Complex https://t.co/0hmggikz3p,trspartyonline,"Founded by KCR in 2001, TRS is the Political Party that led Telangana Statehood movement. Won two consecutive assembly elections in 2014 & 2018. #JaiTelangana ‚úä",TRS Party
15,1566731145995161601,2022-09-05 10:13:08+00:00,KTRTRS,"No Indian city (including my state‚Äôs capital city) today is immune to the disastrous consequences of climate change

If India has to continue to grow, we need well-laid, concerted capital allocations of Union &amp; State Govts combined into radical improvement in infrastructure",KTRTRS,"Personal account of Working President of TRS | Minister for Municipal Admin & Urban Dev, Industry & Commerce, ITE&C | MLA from Siricilla, Telangana",KTR
16,1566731084506988544,2022-09-05 10:12:53+00:00,AAPUttarPradesh,"‡§Ü‡§ú ‡§ú‡§ø‡§∏ ‡§§‡§∞‡•Ä‡§ï‡•á ‡§∏‡•á ‡§â‡§§‡•ç‡§§‡§∞ ‡§™‡•ç‡§∞‡§¶‡•á‡§∂ ‡§ï‡•Ä ‡§∂‡§ø‡§ï‡•ç‡§∑‡§æ ‡§µ‡•ç‡§Ø‡§µ‡§∏‡•ç‡§•‡§æ ‡§ï‡•ã ‡§¨‡§¶‡§π‡§æ‡§≤ ‡§ï‡§∞ ‡§¶‡§ø‡§Ø‡§æ ‡§ó‡§Ø‡§æ ‡§π‡•à, 25,577 ‡§∏‡§∞‡§ï‡§æ‡§∞‡•Ä ‡§∏‡•ç‡§ï‡•Ç‡§≤ ‡§¨‡§Ç‡§¶ ‡§π‡•ã ‡§ö‡•Å‡§ï‡•á ‡§π‡•à‡§Ç‡•§ ‡§∏‡•ã‡§®‡§≠‡§¶‡•ç‡§∞ ‡§Æ‡•á‡§Ç ‡§®‡§Æ‡§ï ‡§∞‡•ã‡§ü‡•Ä ‡§ñ‡§æ‡§®‡•á ‡§ï‡•ã ‡§¶‡•Ä ‡§ú‡§æ ‡§∞‡§π‡•Ä ‡§π‡•à, ‡§¶‡•á‡§µ‡§∞‡§ø‡§Ø‡§æ ‡§Æ‡•á‡§Ç ‡§∏‡•Ç‡§ñ‡§æ ‡§≠‡§æ‡§§ ‡§ñ‡§æ‡§®‡•á ‡§ï‡•á ‡§≤‡§ø‡§è ‡§ú‡§æ ‡§∞‡§π‡§æ ‡§π‡•à‡•§ 

‡§ê‡§∏‡•á ‡§∏‡§Æ‡§æ‡§ö‡§æ‡§∞‡•ã‡§Ç ‡§∏‡•á ‡§Ü‡§™‡§ï‡§æ ‡§≠‡•Ä ‡§Æ‡§® ‡§¶‡•Å‡§ñ‡•Ä ‡§π‡•ã‡§§‡§æ ‡§π‡•à, ‡§™‡•Ä‡§°‡§º‡§ø‡§§ ‡§π‡•ã‡§§‡§æ ‡§π‡•à‡•§

: @SanjayAzadSln https://t.co/6lEg3pABND",AAPUttarPradesh,‡§è‡§ï ‡§Æ‡•å‡§ï‡§º‡§æ ‡§ï‡•á‡§ú‡§∞‡•Ä‡§µ‡§æ‡§≤ ‡§ï‡•ã ‚úåÔ∏è,Aam Aadmi Party- Uttar Pradesh
17,1566730939686092801,2022-09-05 10:12:19+00:00,AAPDelhi,"8 ‡§∏‡§æ‡§≤‡•ã‡§Ç ‡§Æ‡•á‡§Ç ‡§Æ‡•à‡§Ç‡§®‡•á ‡§§‡§•‡§æ ‡§∂‡§ø‡§ï‡•ç‡§∑‡§ï‡•ã‡§Ç ‡§ï‡•Ä ‡§Æ‡•á‡§∞‡•Ä ‡§ü‡•Ä‡§Æ ‡§®‡•á ‡§¶‡§ø‡§≤‡•ç‡§≤‡•Ä ‡§Æ‡•á‡§Ç ‡§∂‡§ø‡§ï‡•ç‡§∑‡§æ ‡§ï‡•ç‡§∞‡§æ‡§Ç‡§§‡§ø ‡§ï‡•Ä ‡§∂‡•Å‡§∞‡•Å‡§Ü‡§§ ‡§ï‡•Ä ‡§π‡•à‡•§

‡§Ö‡§ó‡§∞ ‡§Ø‡§π ‡§≠‡•ç‡§∞‡§∑‡•ç‡§ü‡§æ‡§ö‡§æ‡§∞ ‡§π‡•à ‡§§‡•ã ‡§¶‡•á‡§∂ ‡§ï‡•á ‡§™‡•ç‡§∞‡§ß‡§æ‡§®‡§Æ‡§Ç‡§§‡•ç‡§∞‡•Ä, ‡§∏‡§≠‡•Ä ‡§∞‡§æ‡§ú‡•ç‡§Ø‡•ã‡§Ç ‡§ï‡•á ‡§Æ‡•Å‡§ñ‡•ç‡§Ø‡§Æ‡§Ç‡§§‡•ç‡§∞‡•Ä ‡§î‡§∞ ‡§∂‡§ø‡§ï‡•ç‡§∑‡§æ ‡§Æ‡§Ç‡§§‡•ç‡§∞‡•Ä ‡§ï‡•ã ‡§Ø‡§π ‡§ï‡§∞‡§®‡§æ ‡§ö‡§æ‡§π‡§ø‡§è‡•§

‡§ï‡•ç‡§Ø‡•ã‡§Ç‡§ï‡§ø ‡§á‡§∏‡§∏‡•á ‡§¶‡•á‡§∂ ‡§ï‡§æ ‡§≠‡§µ‡§ø‡§∑‡•ç‡§Ø ‡§∏‡§Ç‡§µ‡§∞‡•á‡§ó‡§æ‡•§

- Dy CM @msisodia",AAPDelhi,Official Twitter Account of @AamAadmiParty - Delhi,Aam Aadmi Party Delhi
18,1566730936146067456,2022-09-05 10:12:18+00:00,AAPDelhi,"Kejriwal Govt ‡§®‡•á ‡§∂‡§ø‡§ï‡•ç‡§∑‡§æ ‡§ï‡•ç‡§∑‡•á‡§§‡•ç‡§∞ ‡§Æ‡•á‡§Ç ‡§â‡§§‡•ç‡§ï‡•É‡§∑‡•ç‡§ü ‡§Ø‡•ã‡§ó‡§¶‡§æ‡§® ‡§¶‡•á‡§®‡•á ‡§µ‡§æ‡§≤‡•á 118 Teachers ‡§î‡§∞ Principals ‡§ï‡•ã ‡§∞‡§æ‡§ú‡•ç‡§Ø ‡§∂‡§ø‡§ï‡•ç‡§∑‡§ï ‡§Ö‡§µ‡§æ‡§∞‡•ç‡§° ‡§¶‡•á‡§ï‡§∞ ‡§ï‡§ø‡§Ø‡§æ ‡§∏‡§Æ‡•ç‡§Æ‡§æ‡§®‡§ø‡§§

‡§π‡§Æ‡§æ‡§∞‡•á ‡§∂‡§ø‡§ï‡•ç‡§∑‡§ï‡•ã‡§Ç ‡§®‡•á ‡§¨‡§ö‡•ç‡§ö‡•ã‡§Ç ‡§ï‡•ã Quality Education ‡§¶‡•á‡§®‡•á ‡§ï‡§æ ‡§ï‡§æ‡§Æ ‡§ï‡§ø‡§Ø‡§æ ‡§π‡•à

‡§Ö‡§¨ ‡§¨‡§ö‡•ç‡§ö‡•ã‡§Ç ‡§ï‡•á ‡§¶‡§ø‡§≤ ‡§Æ‡•á‡§Ç ‡§¶‡•á‡§∂ ‡§ï‡•ã No. 1 ‡§¨‡§®‡§æ‡§®‡•á ‡§ï‡§æ ‡§ú‡•Å‡§®‡•Ç‡§® ‡§™‡•à‡§¶‡§æ ‡§ï‡§∞‡•á‡§Ç‡§ó‡•á

-Dy CM @msisodia https://t.co/f7ijOHAG3X",AAPDelhi,Official Twitter Account of @AamAadmiParty - Delhi,Aam Aadmi Party Delhi
19,1566730809486151680,2022-09-05 10:11:48+00:00,KTRTRS,"To all those who are mocking the water-logged Bengaluru:

Our cities are our primary economic engines driving the States‚Äô/Country‚Äôs growth

With rapid urbanisation &amp; sub-urbanisation, infrastructure is bound to crumble as we haven‚Äôt infused enough capital into upgrading the same",KTRTRS,"Personal account of Working President of TRS | Minister for Municipal Admin & Urban Dev, Industry & Commerce, ITE&C | MLA from Siricilla, Telangana",KTR
